optimizer,seed,best_objective,feasible_rate,unique_candidates,model,total_weight
random_search,0,2820.482636627162,1.0,5000,Linear,69727.3
genetic_algorithm,0,2794.1949971924996,1.0,2058,Linear,69727.3
random_search,1,2810.2116402962292,1.0,5000,Linear,69727.3
genetic_algorithm,1,2794.1949971924996,1.0,2176,Linear,69727.3
random_search,2,2820.044937198512,1.0,5000,Linear,69727.3
genetic_algorithm,2,2794.1949971924996,1.0,2105,Linear,69727.3
random_search,3,2829.902583922358,1.0,5000,Linear,69727.3
genetic_algorithm,3,2794.1949971924996,1.0,2319,Linear,69727.3
random_search,4,2819.2427138959015,1.0,5000,Linear,69727.3
genetic_algorithm,4,2794.1949971924996,1.0,2192,Linear,69727.3
random_search,5,2823.7969825532236,1.0,5000,Linear,69727.3
genetic_algorithm,5,2794.1949971924996,1.0,2633,Linear,69727.3
random_search,6,2831.0317559001305,1.0,5000,Linear,69727.3
genetic_algorithm,6,2794.1949971924996,1.0,1991,Linear,69727.3
random_search,7,2843.6613201807045,1.0,5000,Linear,69727.3
genetic_algorithm,7,2794.1949971924996,1.0,1942,Linear,69727.3
random_search,8,2827.4266935320607,1.0,5000,Linear,69727.3
genetic_algorithm,8,2794.1949971924996,1.0,2773,Linear,69727.3
random_search,9,2830.006308903265,1.0,5000,Linear,69727.3
genetic_algorithm,9,2794.1949971924996,1.0,1930,Linear,69727.3
random_search,0,2942.974090765627,1.0,5000,Linear,75272.75
genetic_algorithm,0,2922.1981541112377,1.0,3165,Linear,75272.75
random_search,1,2937.7295338300796,1.0,5000,Linear,75272.75
genetic_algorithm,1,2922.1981451995666,1.0,3876,Linear,75272.75
random_search,2,2949.350405498619,1.0,5000,Linear,75272.75
genetic_algorithm,2,2922.1981451995666,1.0,3802,Linear,75272.75
random_search,3,2962.6093161274766,1.0,5000,Linear,75272.75
genetic_algorithm,3,2922.1981451995666,1.0,3836,Linear,75272.75
random_search,4,2942.5977857304247,1.0,5000,Linear,75272.75
genetic_algorithm,4,2922.1981451995666,1.0,3834,Linear,75272.75
random_search,5,2944.4101774955243,1.0,5000,Linear,75272.75
genetic_algorithm,5,2922.1981451999713,1.0,3927,Linear,75272.75
random_search,6,2951.9255053260226,1.0,5000,Linear,75272.75
genetic_algorithm,6,2922.1981451995666,1.0,3808,Linear,75272.75
random_search,7,2965.894378183398,1.0,5000,Linear,75272.75
genetic_algorithm,7,2922.1981451995666,1.0,3837,Linear,75272.75
random_search,8,2954.192014582102,1.0,5000,Linear,75272.75
genetic_algorithm,8,2922.1981451995666,1.0,3834,Linear,75272.75
random_search,9,2951.242404619395,1.0,5000,Linear,75272.75
genetic_algorithm,9,2922.1981451995666,1.0,3832,Linear,75272.75
random_search,0,3077.481106199085,1.0,5000,Linear,81720.0
genetic_algorithm,0,3055.04291779311,1.0,1901,Linear,81720.0
random_search,1,3077.9365754097093,1.0,5000,Linear,81720.0
genetic_algorithm,1,3055.04291779311,1.0,2122,Linear,81720.0
random_search,2,3091.4087337235987,1.0,5000,Linear,81720.0
genetic_algorithm,2,3055.04291779311,1.0,2083,Linear,81720.0
random_search,3,3097.204064251943,1.0,5000,Linear,81720.0
genetic_algorithm,3,3055.04291779311,1.0,2149,Linear,81720.0
random_search,4,3072.0945772989844,1.0,5000,Linear,81720.0
genetic_algorithm,4,3055.04291779311,1.0,2442,Linear,81720.0
random_search,5,3084.339488729709,1.0,5000,Linear,81720.0
genetic_algorithm,5,3055.04291779311,1.0,2600,Linear,81720.0
random_search,6,3080.0290661354397,1.0,5000,Linear,81720.0
genetic_algorithm,6,3055.04291779311,1.0,2333,Linear,81720.0
random_search,7,3106.334405144305,1.0,5000,Linear,81720.0
genetic_algorithm,7,3055.04291779311,1.0,2327,Linear,81720.0
random_search,8,3078.028618775297,1.0,5000,Linear,81720.0
genetic_algorithm,8,3055.04291779311,1.0,2139,Linear,81720.0
random_search,9,3093.8941021333217,1.0,5000,Linear,81720.0
genetic_algorithm,9,3055.04291779311,1.0,2183,Linear,81720.0
random_search,0,3228.8373351184996,1.0,5000,Linear,87779.75
genetic_algorithm,0,3206.467017643649,1.0,1914,Linear,87779.75
random_search,1,3226.6838455896864,1.0,5000,Linear,87779.75
genetic_algorithm,1,3206.467017643649,1.0,1904,Linear,87779.75
random_search,2,3234.664636522991,1.0,5000,Linear,87779.75
genetic_algorithm,2,3206.467017643649,1.0,1929,Linear,87779.75
random_search,3,3249.8830061507188,1.0,5000,Linear,87779.75
genetic_algorithm,3,3206.467017643649,1.0,2275,Linear,87779.75
random_search,4,3223.652494954992,1.0,5000,Linear,87779.75
genetic_algorithm,4,3206.467017643649,1.0,2211,Linear,87779.75
random_search,5,3231.040038982945,1.0,5000,Linear,87779.75
genetic_algorithm,5,3206.467017643649,1.0,2483,Linear,87779.75
random_search,6,3232.4332239721375,1.0,5000,Linear,87779.75
genetic_algorithm,6,3206.467017643649,1.0,1999,Linear,87779.75
random_search,7,3252.0684907956097,1.0,5000,Linear,87779.75
genetic_algorithm,7,3206.467017643649,1.0,2290,Linear,87779.75
random_search,8,3231.480887532773,1.0,5000,Linear,87779.75
genetic_algorithm,8,3206.467017643649,1.0,2079,Linear,87779.75
random_search,9,3239.9435323596103,1.0,5000,Linear,87779.75
genetic_algorithm,9,3206.467017643649,1.0,2500,Linear,87779.75
random_search,0,3160.911303180194,1.0,5000,Linear,92210.5
genetic_algorithm,0,3132.0756262232044,1.0,1962,Linear,92210.5
random_search,1,3153.79946208871,1.0,5000,Linear,92210.5
genetic_algorithm,1,3132.0756262232044,1.0,1898,Linear,92210.5
random_search,2,3172.170391613205,1.0,5000,Linear,92210.5
genetic_algorithm,2,3132.0756262232044,1.0,2096,Linear,92210.5
random_search,3,3167.2389471032957,1.0,5000,Linear,92210.5
genetic_algorithm,3,3132.0756262232044,1.0,2197,Linear,92210.5
random_search,4,3157.3007292111115,1.0,5000,Linear,92210.5
genetic_algorithm,4,3132.0756262232044,1.0,2146,Linear,92210.5
random_search,5,3171.7371225417146,1.0,5000,Linear,92210.5
genetic_algorithm,5,3132.0756262232044,1.0,2515,Linear,92210.5
random_search,6,3170.319219208958,1.0,5000,Linear,92210.5
genetic_algorithm,6,3132.0756262232044,1.0,1738,Linear,92210.5
random_search,7,3175.8672150634234,1.0,5000,Linear,92210.5
genetic_algorithm,7,3132.0756262232044,1.0,2352,Linear,92210.5
random_search,8,3164.8471608504306,1.0,5000,Linear,92210.5
genetic_algorithm,8,3132.0756262232044,1.0,2135,Linear,92210.5
random_search,9,3177.5693421531114,1.0,5000,Linear,92210.5
genetic_algorithm,9,3132.0756262232044,1.0,2319,Linear,92210.5
random_search,0,2642.19073470464,1.0,5000,Huber,69727.3
genetic_algorithm,0,2602.708668838291,1.0,2199,Huber,69727.3
random_search,1,2623.2958699117125,1.0,5000,Huber,69727.3
genetic_algorithm,1,2602.708668838291,1.0,2284,Huber,69727.3
random_search,2,2636.08238800175,1.0,5000,Huber,69727.3
genetic_algorithm,2,2602.708668838291,1.0,2104,Huber,69727.3
random_search,3,2646.755173835949,1.0,5000,Huber,69727.3
genetic_algorithm,3,2602.708668838291,1.0,2108,Huber,69727.3
random_search,4,2641.9120205364356,1.0,5000,Huber,69727.3
genetic_algorithm,4,2602.708668838291,1.0,2160,Huber,69727.3
random_search,5,2669.232988410157,1.0,5000,Huber,69727.3
genetic_algorithm,5,2602.708668838291,1.0,2103,Huber,69727.3
random_search,6,2672.612287080217,1.0,5000,Huber,69727.3
genetic_algorithm,6,2602.708668838291,1.0,2655,Huber,69727.3
random_search,7,2667.6218839933235,1.0,5000,Huber,69727.3
genetic_algorithm,7,2602.708668838291,1.0,1937,Huber,69727.3
random_search,8,2656.4969827675504,1.0,5000,Huber,69727.3
genetic_algorithm,8,2602.708668838291,1.0,2563,Huber,69727.3
random_search,9,2671.304086567356,1.0,5000,Huber,69727.3
genetic_algorithm,9,2602.708668838291,1.0,1936,Huber,69727.3
random_search,0,2801.335388517027,1.0,5000,Huber,75272.75
genetic_algorithm,0,2771.3963012628183,1.0,1977,Huber,75272.75
random_search,1,2792.6390887954663,1.0,5000,Huber,75272.75
genetic_algorithm,1,2771.3963012628183,1.0,2034,Huber,75272.75
random_search,2,2794.8897820703514,1.0,5000,Huber,75272.75
genetic_algorithm,2,2771.3963012628183,1.0,1866,Huber,75272.75
random_search,3,2822.766004379431,1.0,5000,Huber,75272.75
genetic_algorithm,3,2771.3963012628183,1.0,2411,Huber,75272.75
random_search,4,2798.3570056107405,1.0,5000,Huber,75272.75
genetic_algorithm,4,2771.3963012628183,1.0,2207,Huber,75272.75
random_search,5,2814.5117557055337,1.0,5000,Huber,75272.75
genetic_algorithm,5,2771.3963012628183,1.0,2260,Huber,75272.75
random_search,6,2818.1831741944916,1.0,5000,Huber,75272.75
genetic_algorithm,6,2771.3963012628183,1.0,1875,Huber,75272.75
random_search,7,2831.4186652120143,1.0,5000,Huber,75272.75
genetic_algorithm,7,2771.3963012628183,1.0,2321,Huber,75272.75
random_search,8,2814.9775021763644,1.0,5000,Huber,75272.75
genetic_algorithm,8,2771.3963012628183,1.0,2418,Huber,75272.75
random_search,9,2818.0018164916387,1.0,5000,Huber,75272.75
genetic_algorithm,9,2771.3963012628183,1.0,2158,Huber,75272.75
random_search,0,2950.6342776242154,1.0,5000,Huber,81720.0
genetic_algorithm,0,2914.257652708888,1.0,1945,Huber,81720.0
random_search,1,2936.902999598584,1.0,5000,Huber,81720.0
genetic_algorithm,1,2914.257652708888,1.0,2054,Huber,81720.0
random_search,2,2941.2025480515736,1.0,5000,Huber,81720.0
genetic_algorithm,2,2914.257652708888,1.0,2031,Huber,81720.0
random_search,3,2966.182688844729,1.0,5000,Huber,81720.0
genetic_algorithm,3,2914.257652708888,1.0,2234,Huber,81720.0
random_search,4,2941.2853546224815,1.0,5000,Huber,81720.0
genetic_algorithm,4,2914.257652708888,1.0,2495,Huber,81720.0
random_search,5,2971.4188014768033,1.0,5000,Huber,81720.0
genetic_algorithm,5,2914.257652708888,1.0,1959,Huber,81720.0
random_search,6,2972.4099474452664,1.0,5000,Huber,81720.0
genetic_algorithm,6,2914.257652708888,1.0,2681,Huber,81720.0
random_search,7,2975.787752836162,1.0,5000,Huber,81720.0
genetic_algorithm,7,2914.257652708888,1.0,1992,Huber,81720.0
random_search,8,2957.785399464334,1.0,5000,Huber,81720.0
genetic_algorithm,8,2914.257652708888,1.0,2497,Huber,81720.0
random_search,9,2974.23778268574,1.0,5000,Huber,81720.0
genetic_algorithm,9,2914.257652708888,1.0,2186,Huber,81720.0
random_search,0,3143.9499087623976,1.0,5000,Huber,87779.75
genetic_algorithm,0,3111.2516822659263,1.0,2185,Huber,87779.75
random_search,1,3133.1473960084054,1.0,5000,Huber,87779.75
genetic_algorithm,1,3111.2516822659263,1.0,1958,Huber,87779.75
random_search,2,3134.4097290548716,1.0,5000,Huber,87779.75
genetic_algorithm,2,3111.2516822659263,1.0,1787,Huber,87779.75
random_search,3,3163.990735358712,1.0,5000,Huber,87779.75
genetic_algorithm,3,3111.2516822659263,1.0,2398,Huber,87779.75
random_search,4,3138.350417674707,1.0,5000,Huber,87779.75
genetic_algorithm,4,3111.2516822659263,1.0,2287,Huber,87779.75
random_search,5,3168.93594491884,1.0,5000,Huber,87779.75
genetic_algorithm,5,3111.2516822659263,1.0,2486,Huber,87779.75
random_search,6,3171.3237657788904,1.0,5000,Huber,87779.75
genetic_algorithm,6,3111.2516822659263,1.0,2237,Huber,87779.75
random_search,7,3170.1616038707093,1.0,5000,Huber,87779.75
genetic_algorithm,7,3111.2516822659263,1.0,1865,Huber,87779.75
random_search,8,3155.8399326719236,1.0,5000,Huber,87779.75
genetic_algorithm,8,3111.2516822659263,1.0,2424,Huber,87779.75
random_search,9,3169.5346366905037,1.0,5000,Huber,87779.75
genetic_algorithm,9,3111.2516822659263,1.0,2244,Huber,87779.75
random_search,0,3067.9336318717155,1.0,5000,Huber,92210.5
genetic_algorithm,0,3022.3797348289736,1.0,2042,Huber,92210.5
random_search,1,3046.1806045268927,1.0,5000,Huber,92210.5
genetic_algorithm,1,3022.3797348289736,1.0,1978,Huber,92210.5
random_search,2,3069.5658774124245,1.0,5000,Huber,92210.5
genetic_algorithm,2,3022.3797348289736,1.0,2035,Huber,92210.5
random_search,3,3067.3751710371575,1.0,5000,Huber,92210.5
genetic_algorithm,3,3022.3797348289736,1.0,2144,Huber,92210.5
random_search,4,3064.5985870107093,1.0,5000,Huber,92210.5
genetic_algorithm,4,3022.3797348289736,1.0,2075,Huber,92210.5
random_search,5,3094.223137182436,1.0,5000,Huber,92210.5
genetic_algorithm,5,3022.3797348289736,1.0,2627,Huber,92210.5
random_search,6,3093.286940303517,1.0,5000,Huber,92210.5
genetic_algorithm,6,3022.3797348289736,1.0,2227,Huber,92210.5
random_search,7,3089.1366180723394,1.0,5000,Huber,92210.5
genetic_algorithm,7,3022.3797348289736,1.0,2188,Huber,92210.5
random_search,8,3081.467700525104,1.0,5000,Huber,92210.5
genetic_algorithm,8,3022.3797348289736,1.0,2312,Huber,92210.5
random_search,9,3094.84194697661,1.0,5000,Huber,92210.5
genetic_algorithm,9,3022.3797348289736,1.0,2018,Huber,92210.5
random_search,0,2945.269268801712,1.0,5000,LightGBM,69727.3
genetic_algorithm,0,2917.141108924191,1.0,3852,LightGBM,69727.3
random_search,1,2948.4968825326387,1.0,5000,LightGBM,69727.3
genetic_algorithm,1,2898.403674203058,1.0,3908,LightGBM,69727.3
random_search,2,2941.392329393821,1.0,5000,LightGBM,69727.3
genetic_algorithm,2,2978.62873315148,1.0,3920,LightGBM,69727.3
random_search,3,2940.1352000228967,1.0,5000,LightGBM,69727.3
genetic_algorithm,3,2964.51785400104,1.0,3916,LightGBM,69727.3
random_search,4,2927.185331418068,1.0,5000,LightGBM,69727.3
genetic_algorithm,4,2890.3240133103036,1.0,3887,LightGBM,69727.3
random_search,5,2956.5835000092125,1.0,5000,LightGBM,69727.3
genetic_algorithm,5,2841.5735850236147,1.0,3921,LightGBM,69727.3
random_search,6,2941.1007655964518,1.0,5000,LightGBM,69727.3
genetic_algorithm,6,2917.141108924191,1.0,3914,LightGBM,69727.3
random_search,7,2915.111637307718,1.0,5000,LightGBM,69727.3
genetic_algorithm,7,2896.3058667300047,1.0,3897,LightGBM,69727.3
random_search,8,2878.711692624305,1.0,5000,LightGBM,69727.3
genetic_algorithm,8,2807.223628558324,1.0,3936,LightGBM,69727.3
random_search,9,2951.260358078946,1.0,5000,LightGBM,69727.3
genetic_algorithm,9,2896.3058667300047,1.0,3824,LightGBM,69727.3
random_search,0,2659.4849455119465,1.0,5000,LightGBM,75272.75
genetic_algorithm,0,2548.261933120569,1.0,3924,LightGBM,75272.75
random_search,1,2652.4267836671784,1.0,5000,LightGBM,75272.75
genetic_algorithm,1,2548.261933120569,1.0,3928,LightGBM,75272.75
random_search,2,2659.550725169039,1.0,5000,LightGBM,75272.75
genetic_algorithm,2,2548.261933120569,1.0,3937,LightGBM,75272.75
random_search,3,2681.0504559605597,1.0,5000,LightGBM,75272.75
genetic_algorithm,3,2615.8369701941883,1.0,3921,LightGBM,75272.75
random_search,4,2686.770859398824,1.0,5000,LightGBM,75272.75
genetic_algorithm,4,2615.8369701941883,1.0,3918,LightGBM,75272.75
random_search,5,2677.9436400109203,1.0,5000,LightGBM,75272.75
genetic_algorithm,5,2548.261933120569,1.0,3925,LightGBM,75272.75
random_search,6,2656.1317606733032,1.0,5000,LightGBM,75272.75
genetic_algorithm,6,2615.8369701941883,1.0,3920,LightGBM,75272.75
random_search,7,2638.572373917561,1.0,5000,LightGBM,75272.75
genetic_algorithm,7,2548.261933120569,1.0,3920,LightGBM,75272.75
random_search,8,2680.621727218614,1.0,5000,LightGBM,75272.75
genetic_algorithm,8,2615.8369701941883,1.0,3861,LightGBM,75272.75
random_search,9,2675.0038540278883,1.0,5000,LightGBM,75272.75
genetic_algorithm,9,2615.8369701941883,1.0,3917,LightGBM,75272.75
random_search,0,2786.4238986828946,1.0,5000,LightGBM,81720.0
genetic_algorithm,0,2581.771518957398,1.0,3942,LightGBM,81720.0
random_search,1,2772.1461547223344,1.0,5000,LightGBM,81720.0
genetic_algorithm,1,2753.9995231474327,1.0,3921,LightGBM,81720.0
random_search,2,2797.667479373341,1.0,5000,LightGBM,81720.0
genetic_algorithm,2,2581.771518957398,1.0,3845,LightGBM,81720.0
random_search,3,2809.4079404901618,1.0,5000,LightGBM,81720.0
genetic_algorithm,3,2767.2467239030184,1.0,3933,LightGBM,81720.0
random_search,4,2774.512371882879,1.0,5000,LightGBM,81720.0
genetic_algorithm,4,2857.784284073928,1.0,3934,LightGBM,81720.0
random_search,5,2854.9132776622027,1.0,5000,LightGBM,81720.0
genetic_algorithm,5,2581.771518957398,1.0,3831,LightGBM,81720.0
random_search,6,2658.597785095606,1.0,5000,LightGBM,81720.0
genetic_algorithm,6,2581.771518957398,1.0,3894,LightGBM,81720.0
random_search,7,2697.755281700906,1.0,5000,LightGBM,81720.0
genetic_algorithm,7,2779.511753733513,1.0,3916,LightGBM,81720.0
random_search,8,2837.5216960242283,1.0,5000,LightGBM,81720.0
genetic_algorithm,8,2581.771518957398,1.0,3947,LightGBM,81720.0
random_search,9,2712.302835536917,1.0,5000,LightGBM,81720.0
genetic_algorithm,9,2767.2467239030184,1.0,3935,LightGBM,81720.0
random_search,0,3092.4753013640916,1.0,5000,LightGBM,87779.75
genetic_algorithm,0,3093.6884455443055,1.0,3911,LightGBM,87779.75
random_search,1,3037.6660059847327,1.0,5000,LightGBM,87779.75
genetic_algorithm,1,3093.6884455443055,1.0,3904,LightGBM,87779.75
random_search,2,3096.7870340968125,1.0,5000,LightGBM,87779.75
genetic_algorithm,2,3093.6884455443055,1.0,3894,LightGBM,87779.75
random_search,3,3010.3670456822724,1.0,5000,LightGBM,87779.75
genetic_algorithm,3,2890.397310194865,1.0,3933,LightGBM,87779.75
random_search,4,3054.4253930886903,1.0,5000,LightGBM,87779.75
genetic_algorithm,4,2863.041060208758,1.0,3925,LightGBM,87779.75
random_search,5,3056.3095046073868,1.0,5000,LightGBM,87779.75
genetic_algorithm,5,2863.041060208758,1.0,3900,LightGBM,87779.75
random_search,6,3027.949207253765,1.0,5000,LightGBM,87779.75
genetic_algorithm,6,2863.041060208758,1.0,3918,LightGBM,87779.75
random_search,7,3163.996385026896,1.0,5000,LightGBM,87779.75
genetic_algorithm,7,3093.6884455443055,1.0,3896,LightGBM,87779.75
random_search,8,3094.279835348022,1.0,5000,LightGBM,87779.75
genetic_algorithm,8,2863.041060208758,1.0,3931,LightGBM,87779.75
random_search,9,3118.1363372730316,1.0,5000,LightGBM,87779.75
genetic_algorithm,9,3093.6884455443055,1.0,3941,LightGBM,87779.75
random_search,0,3207.0793449924786,1.0,5000,LightGBM,92210.5
genetic_algorithm,0,3196.218717662546,1.0,3836,LightGBM,92210.5
random_search,1,3117.83698730113,1.0,5000,LightGBM,92210.5
genetic_algorithm,1,3196.218717662546,1.0,3921,LightGBM,92210.5
random_search,2,3221.1085393649855,1.0,5000,LightGBM,92210.5
genetic_algorithm,2,3197.2859414428403,1.0,3917,LightGBM,92210.5
random_search,3,3118.5942420478086,1.0,5000,LightGBM,92210.5
genetic_algorithm,3,3220.4448678009485,1.0,3836,LightGBM,92210.5
random_search,4,3151.3027742280174,1.0,5000,LightGBM,92210.5
genetic_algorithm,4,3196.218717662546,1.0,3904,LightGBM,92210.5
random_search,5,3199.2561886831686,1.0,5000,LightGBM,92210.5
genetic_algorithm,5,2948.277218404152,1.0,3867,LightGBM,92210.5
random_search,6,3142.4145062586454,1.0,5000,LightGBM,92210.5
genetic_algorithm,6,3202.6695238218545,1.0,3924,LightGBM,92210.5
random_search,7,3197.657462811511,1.0,5000,LightGBM,92210.5
genetic_algorithm,7,2948.277218404152,1.0,3920,LightGBM,92210.5
random_search,8,3203.955935695909,1.0,5000,LightGBM,92210.5
genetic_algorithm,8,3196.218717662546,1.0,3887,LightGBM,92210.5
random_search,9,3154.6207667859285,1.0,5000,LightGBM,92210.5
genetic_algorithm,9,2948.277218404152,1.0,3939,LightGBM,92210.5
