candidate,route,fold,train_size,valid_size,mae,rmse,wape,r2,error_gt_10pct_rate
Ridge__direct,direct,0,148,33,362.82033031117305,451.22475725913773,0.09438464657340126,0.9288965922531125,0.45454545454545453
Ridge__direct,direct,1,181,33,336.6168821522324,485.80761941912044,0.09702593037716849,0.4883150430314588,0.3333333333333333
Ridge__direct,direct,2,214,34,214.51148609389534,255.75493102421717,0.06445580164117479,0.841876079524369,0.14705882352941177
Ridge__unit,unit,0,148,33,376.0752562935737,498.07573388442387,0.09783280369054105,0.9133646084334172,0.45454545454545453
Ridge__unit,unit,1,181,33,362.76427088570034,567.5879412786264,0.10456261333429627,0.3015419527361195,0.30303030303030304
Ridge__unit,unit,2,214,34,275.8681924200066,327.7798226689878,0.0828920903655024,0.7402748690588192,0.29411764705882354
ElasticNet__direct,direct,0,148,33,350.9690295797815,421.85932772963275,0.09130163071812067,0.9378501781617101,0.42424242424242425
ElasticNet__direct,direct,1,181,33,336.14903798110714,487.90790206590066,0.09689107969563186,0.48388116397795,0.3333333333333333
ElasticNet__direct,direct,2,214,34,214.59517561823915,255.29227498893061,0.06448094843158109,0.842447648690269,0.17647058823529413
ElasticNet__unit,unit,0,148,33,366.67398093371776,464.18707291733205,0.09538714125641504,0.9247527454681073,0.48484848484848486
ElasticNet__unit,unit,1,181,33,361.96924773030696,563.7785612225218,0.10433345708749653,0.310885926816154,0.30303030303030304
ElasticNet__unit,unit,2,214,34,278.3427157815949,330.3521128407685,0.0836356281119202,0.7361824276948017,0.29411764705882354
Huber__direct,direct,0,148,33,353.6063223975286,421.6377279212778,0.0919877001847907,0.9379154547619084,0.45454545454545453
Huber__direct,direct,1,181,33,370.2821532126242,613.3269822214288,0.10672955612864483,0.1844358116272925,0.30303030303030304
Huber__direct,direct,2,214,34,180.41194810442025,218.60213238035075,0.05420966938631154,0.8844796941577401,0.14705882352941177
Huber__unit,unit,0,148,33,378.1395557434048,452.28527694503873,0.0983698137688541,0.9285619688665544,0.45454545454545453
Huber__unit,unit,1,181,33,382.8306874433495,654.9292623632964,0.1103465262604496,0.07004315427728869,0.30303030303030304
Huber__unit,unit,2,214,34,202.87784820613592,240.243064652667,0.06096015919464187,0.860475247569752,0.20588235294117646
GAM__direct,direct,0,148,33,481.51153878656106,876.1131022384765,0.12526116265427095,0.7319443744215419,0.48484848484848486
GAM__direct,direct,1,181,33,370.3988027083889,505.8814334832844,0.10676317899919796,0.4451552432221868,0.36363636363636365
GAM__direct,direct,2,214,34,248.70218011326895,295.7737162915574,0.07472932420081158,0.7885202938638531,0.3235294117647059
GAM__unit,unit,0,148,33,545.5064425285525,998.0272620312799,0.14190889671869444,0.6521521008526882,0.5454545454545454
GAM__unit,unit,1,181,33,391.16312711915833,595.662937148098,0.11274825580736925,0.23073643617655448,0.30303030303030304
GAM__unit,unit,2,214,34,267.7377018760458,328.70562742852746,0.0804490636759311,0.7388056246175625,0.4117647058823529
GPR__direct,direct,0,148,33,388.6851927514896,577.8288565497471,0.10111317222687051,0.8833987976754599,0.48484848484848486
GPR__direct,direct,1,181,33,282.46310327142874,403.5272853163783,0.0814167287656664,0.6469633309557112,0.2727272727272727
GPR__direct,direct,2,214,34,215.10570073905347,277.4190575555499,0.06463434956883135,0.8139532336388702,0.2647058823529412
GPR__unit,unit,0,148,33,402.969056012319,668.2356670889427,0.10482899869232772,0.844057719758069,0.48484848484848486
GPR__unit,unit,1,181,33,317.60613866178556,485.67739529037334,0.09154630302595286,0.4885893277245461,0.3333333333333333
GPR__unit,unit,2,214,34,236.42408718980437,328.52054797306,0.07104003773686746,0.7390996755811283,0.29411764705882354
CatBoost__direct,direct,0,148,33,640.5822755683203,1308.3952772493665,0.16664207220374483,0.4021633836577958,0.48484848484848486
CatBoost__direct,direct,1,181,33,408.9593269296637,518.3358542975076,0.1178778049635265,0.4174992256127683,0.36363636363636365
CatBoost__direct,direct,2,214,34,501.55615200185423,597.476825136803,0.15070616699374234,0.13703800213581274,0.7058823529411765
CatBoost__unit,unit,0,148,33,650.4376380274125,1421.0679742696368,0.16920586156404996,0.2947643145487566,0.5454545454545454
CatBoost__unit,unit,1,181,33,507.1541900528905,744.8392504226267,0.14618134069790206,-0.2028157716867982,0.5151515151515151
CatBoost__unit,unit,2,214,34,457.44070307487607,698.3128271208083,0.1374504822883367,-0.17882566097739927,0.38235294117647056
LightGBM__direct,direct,0,148,33,600.9782600929371,1377.190138044962,0.15633942185246585,0.33764261369039383,0.48484848484848486
LightGBM__direct,direct,1,181,33,477.5371582918463,620.6798189128968,0.13764457319161316,0.16476390388925866,0.5757575757575758
LightGBM__direct,direct,2,214,34,447.0989136278039,553.0717131657758,0.13434301078947486,0.2605438315398766,0.5294117647058824
LightGBM__unit,unit,0,148,33,633.4147271739968,1415.0704806105286,0.16477749498610167,0.3007045245887904,0.6060606060606061
LightGBM__unit,unit,1,181,33,644.6512417340481,902.8354344089261,0.18581327857987873,-0.7672223569035181,0.6666666666666666
LightGBM__unit,unit,2,214,34,473.09830937671006,591.6421854119366,0.14215523532671184,0.15381015874043769,0.6176470588235294
Ridge+LGBMResidual__direct,direct,0,148,33,361.85372923712964,442.6440250631489,0.09413319346251078,0.9315751603605514,0.45454545454545453
Ridge+LGBMResidual__direct,direct,1,181,33,335.83891875148623,509.7700469655171,0.09680169140770811,0.4365924887988111,0.30303030303030304
Ridge+LGBMResidual__direct,direct,2,214,34,204.74792868766926,241.7280142606668,0.06152207566245275,0.858745103626018,0.17647058823529413
Ridge+LGBMResidual__unit,unit,0,148,33,381.8279253166472,483.1418303434124,0.09932931198193386,0.9184819361588312,0.5151515151515151
Ridge+LGBMResidual__unit,unit,1,181,33,359.6971362243959,577.9723156802593,0.10367854717515888,0.27575070925291767,0.3333333333333333
Ridge+LGBMResidual__unit,unit,2,214,34,232.9245233718981,290.8935299306432,0.06998849874758058,0.7954414363623525,0.29411764705882354
Huber+LGBMResidual__direct,direct,0,148,33,347.0589818101571,410.66695889057587,0.09028446479330991,0.9411042305779116,0.5151515151515151
Huber+LGBMResidual__direct,direct,1,181,33,375.03854276161206,615.8979890223198,0.10810053050840895,0.1775839496667272,0.2727272727272727
Huber+LGBMResidual__direct,direct,2,214,34,177.6945637189874,217.39531713038454,0.05339315744972639,0.8857516565776138,0.14705882352941177
Huber+LGBMResidual__unit,unit,0,148,33,377.5076717119557,438.7765705509157,0.09820543447144113,0.9327656153623883,0.48484848484848486
Huber+LGBMResidual__unit,unit,1,181,33,403.04755137049807,670.7121847121747,0.11617380390409764,0.024681644665029756,0.3333333333333333
Huber+LGBMResidual__unit,unit,2,214,34,233.51342671360197,281.93058413103086,0.07016545074987138,0.8078528601340785,0.29411764705882354
OOFEnsemble,mixed_total,0,148,33,353.41113481269093,445.06781767213937,0.09193692378206098,0.9308237588806247,0.42424242424242425
OOFEnsemble,mixed_total,1,181,33,320.2425660427899,460.29725702897053,0.09230622278362594,0.5406425343513901,0.3333333333333333
OOFEnsemble,mixed_total,2,214,34,213.89775963436887,248.2530034757658,0.06427139085899475,0.851016365440561,0.17647058823529413
