optimizer,seed,evaluations,best_objective,safe_candidate_rate,best__10#熔炼炉固体料重量比例,best__熔炼炉B当前批次等待时长_PLC,best__熔炼炉B当前批次炉门打开次数_PLC,best__熔炼炉B当前批次炉门打开时长_PLC,candidate
random_search,0,600,3308.0929648316637,0.27,37.254322153554206,0.6527730012232275,14.0,70.30528763917933,LightGBM__direct
genetic_algorithm,0,600,3288.0233406169823,0.76,36.30602192878821,0.6591988038735335,14.0,68.74350353698267,LightGBM__direct
bayesian_optimization,0,600,3287.741924267895,0.44166666666666665,36.349461727106245,0.653769622588944,14.0,69.97065845232315,LightGBM__direct
random_search,1,600,3288.7370714029776,0.315,36.32677320520954,0.6046244802079491,14.0,69.34871795952255,LightGBM__direct
genetic_algorithm,1,600,3287.5027321497873,0.76,36.36116464406196,0.649343016031954,14.0,69.57957085361093,LightGBM__direct
bayesian_optimization,1,600,3287.7274549868393,0.4666666666666667,36.247053502095866,0.6533145659686383,14.0,69.78664491198326,LightGBM__direct
random_search,2,600,3288.4702838538847,0.2783333333333333,36.295279613220075,0.6419241789265875,14.0,71.48883404514959,LightGBM__direct
genetic_algorithm,2,600,3287.5150638245136,0.7666666666666667,36.354681728599076,0.6515543541714223,14.0,69.46168117121942,LightGBM__direct
bayesian_optimization,2,600,3288.494121828319,0.41333333333333333,36.33815094083907,0.6394410972928596,14.0,71.45319597811323,LightGBM__direct
random_search,0,600,3460.0218855990474,0.27,36.47079466412805,0.6370968198090035,14.0,72.71967416934481,GPR__direct
genetic_algorithm,0,600,3454.5469854651797,0.7533333333333333,36.26676595678072,0.619047044700961,14.0,65.87814107488737,GPR__direct
bayesian_optimization,0,600,3451.176949869042,0.43333333333333335,36.23987640801138,0.604048559767103,14.0,67.09614216163436,GPR__direct
random_search,1,600,3451.8915853307913,0.315,36.31103576512865,0.5999496067543224,14.0,68.47588183207566,GPR__direct
genetic_algorithm,1,600,3453.196002780401,0.7433333333333333,36.23615716055936,0.644334504929375,14.0,72.40041761997789,GPR__direct
bayesian_optimization,1,600,3449.76423203003,0.4033333333333333,36.219422600611836,0.5961660799820817,14.0,67.02931309555562,GPR__direct
random_search,2,600,3454.893595696952,0.2783333333333333,36.295279613220075,0.6419241789265875,14.0,71.48883404514959,GPR__direct
genetic_algorithm,2,600,3449.098310123798,0.7483333333333333,36.2303128889162,0.6063373551942633,14.0,71.18647521479096,GPR__direct
bayesian_optimization,2,600,3450.568991298621,0.435,36.26298173200063,0.611463179555458,14.0,73.87491063581054,GPR__direct
random_search,0,600,3504.27843148615,0.2,36.79707674989333,0.6084436912509389,14.0,67.14517149583041,Ridge+LGBMResidual__direct
genetic_algorithm,0,600,3503.922711833221,0.715,36.751340514820505,0.6586434833755236,14.0,63.49159599247985,Ridge+LGBMResidual__direct
bayesian_optimization,0,600,3481.07695468249,0.43333333333333335,36.27601253133548,0.6133962675400295,14.0,69.55729480489303,Ridge+LGBMResidual__direct
random_search,1,600,3494.595914744115,0.23833333333333334,36.31103576512865,0.5999496067543224,14.0,68.47588183207566,Ridge+LGBMResidual__direct
genetic_algorithm,1,600,3495.5876664558655,0.735,36.49257715880387,0.6334676882586687,14.0,63.36146008447243,Ridge+LGBMResidual__direct
bayesian_optimization,1,600,3478.448319111743,0.415,36.367303525769145,0.5879654040213868,14.0,70.15825566295193,Ridge+LGBMResidual__direct
random_search,2,600,3494.854453840951,0.21333333333333335,36.41502600799524,0.6360422507999549,14.0,63.35199019748978,Ridge+LGBMResidual__direct
genetic_algorithm,2,600,3477.2312745498484,0.715,36.2623589549547,0.5907573819742565,14.0,69.82119982494741,Ridge+LGBMResidual__direct
bayesian_optimization,2,600,3497.408707006761,0.4083333333333333,36.29396398142538,0.6584599947353681,14.0,63.03331344318913,Ridge+LGBMResidual__direct
random_search,0,600,3476.867278538742,0.10666666666666667,36.52324709485922,0.6075147691485656,14.0,66.00758006797335,Huber+LGBMResidual__direct
genetic_algorithm,0,600,3446.4095055615994,0.6466666666666666,37.49608694127001,0.6165327222417855,14.0,63.42023440137265,Huber+LGBMResidual__direct
bayesian_optimization,0,600,3470.6116095813377,0.3466666666666667,36.29033313119227,0.6011708630093002,14.0,64.32539010600787,Huber+LGBMResidual__direct
random_search,1,600,3445.7542198495926,0.13333333333333333,36.83624200131256,0.5903177190097242,14.0,63.62666741089365,Huber+LGBMResidual__direct
genetic_algorithm,1,600,3471.874562968762,0.6783333333333333,36.41491753635517,0.659883317360774,14.0,63.39618913577125,Huber+LGBMResidual__direct
bayesian_optimization,1,600,3421.6003658095374,0.37666666666666665,36.47666278657252,0.601803366246651,14.0,62.8422897368645,Huber+LGBMResidual__direct
random_search,2,600,3439.1699739828355,0.135,37.283934078198634,0.600819426400547,14.0,63.43216269323609,Huber+LGBMResidual__direct
genetic_algorithm,2,600,3466.1469535999454,0.6783333333333333,36.316836459564875,0.6422274529706989,14.0,63.18716463152493,Huber+LGBMResidual__direct
bayesian_optimization,2,600,3424.0983131018993,0.395,36.622592753397484,0.597265180252877,14.0,62.89762265791621,Huber+LGBMResidual__direct
random_search,0,600,3448.8351131737086,0.27,36.52324709485922,0.6075147691485656,14.0,66.00758006797335,OOFEnsemble
genetic_algorithm,0,600,3449.5937171127302,0.7533333333333333,36.37006598650188,0.6290173363787035,14.0,65.43317180824958,OOFEnsemble
bayesian_optimization,0,600,3452.7356001000862,0.4,36.45066488662449,0.6303035141909057,14.0,68.93277628489491,OOFEnsemble
random_search,1,600,3444.3397012094047,0.315,36.31103576512865,0.5999496067543224,14.0,68.47588183207566,OOFEnsemble
genetic_algorithm,1,600,3446.8901739329153,0.7483333333333333,36.32039341905457,0.6150641723441868,14.0,69.20586566369127,OOFEnsemble
bayesian_optimization,1,600,3440.02035049044,0.44166666666666665,36.22393312239163,0.5911818359328025,14.0,65.24280622858268,OOFEnsemble
random_search,2,600,3448.7146386437034,0.2783333333333333,36.228663160047645,0.652892898079153,14.0,62.89200928573583,OOFEnsemble
genetic_algorithm,2,600,3442.9582167072504,0.75,36.25267420550214,0.6031879636708243,14.0,69.52486886031556,OOFEnsemble
bayesian_optimization,2,600,3450.6023240505474,0.4066666666666667,36.35823744025271,0.6290208822252604,14.0,69.01823356513452,OOFEnsemble
